{"partes":{"p2":{"dCaras":{" c1":{"listaVertices":{"v01":{"X":0.039999999105930328,"Y":0.40000000596046448,"Z":-0.029999999329447746},"v02":{"X":0.2199999988079071,"Y":0.40000000596046448,"Z":-0.029999999329447746},"v03":{"X":0.23999999463558197,"Y":0.800000011920929,"Z":-0.029999999329447746},"v04":{"X":0.25999999046325684,"Y":1.0,"Z":-0.029999999329447746},"v05":{"X":0.059999998658895493,"Y":1.0,"Z":-0.029999999329447746}},"Color":"BlueViolet","Centro":{"X":0.0,"Y":0.0,"Z":0.0},"vectorT":{"X":0.0,"Y":0.0,"Z":0.0}}," c2 ":{"listaVertices":{"v06":{"X":0.039999999105930328,"Y":0.40000000596046448,"Z":0.029999999329447746},"v07":{"X":0.2199999988079071,"Y":0.40000000596046448,"Z":0.029999999329447746},"v08":{"X":0.23999999463558197,"Y":0.800000011920929,"Z":0.029999999329447746},"v09":{"X":0.25999999046325684,"Y":1.0,"Z":0.029999999329447746},"v010":{"X":0.059999998658895493,"Y":1.0,"Z":0.029999999329447746}},"Color":"Pink","Centro":{"X":0.0,"Y":0.0,"Z":0.0},"vectorT":{"X":0.0,"Y":0.0,"Z":0.0}}," c3 ":{"listaVertices":{"v011":{"X":0.039999999105930328,"Y":0.40000000596046448,"Z":0.029999999329447746},"v012":{"X":0.039999999105930328,"Y":0.40000000596046448,"Z":-0.029999999329447746},"v013":{"X":0.059999998658895493,"Y":1.0,"Z":-0.029999999329447746},"v014":{"X":0.059999998658895493,"Y":1.0,"Z":0.029999999329447746}},"Color":"DarkMagenta","Centro":{"X":0.0,"Y":0.0,"Z":0.0},"vectorT":{"X":0.0,"Y":0.0,"Z":0.0}}," c4 ":{"listaVertices":{"v015":{"X":0.2199999988079071,"Y":0.40000000596046448,"Z":0.029999999329447746},"v016":{"X":0.23999999463558197,"Y":0.800000011920929,"Z":0.029999999329447746},"v017":{"X":0.25999999046325684,"Y":1.0,"Z":0.029999999329447746},"v018":{"X":0.25999999046325684,"Y":1.0,"Z":-0.029999999329447746},"v019":{"X":0.23999999463558197,"Y":0.800000011920929,"Z":-0.029999999329447746},"v020":{"X":0.2199999988079071,"Y":0.40000000596046448,"Z":-0.029999999329447746}},"Color":"DarkMagenta","Centro":{"X":0.0,"Y":0.0,"Z":0.0},"vectorT":{"X":0.0,"Y":0.0,"Z":0.0}}},"Centro":{"X":0.3,"Y":-0.9,"Z":-0.05}}},"Centro":{"X":0.3,"Y":-0.9,"Z":-0.05}}