{"partes":{"p3":{"dCaras":{" c09 ":{"listaVertices":{"v0":{"X":0.30000000000000004,"Y":0.35,"Z":-0.51999998092651367},"v10":{"X":0.2984807753012208,"Y":0.367364817766693,"Z":-0.51999998092651367},"v20":{"X":0.29396926207859086,"Y":0.38420201433256684,"Z":-0.51999998092651367},"v30":{"X":0.2866025403784439,"Y":0.39999999999999997,"Z":-0.51999998092651367},"v40":{"X":0.27660444431189779,"Y":0.4142787609686539,"Z":-0.51999998092651367},"v50":{"X":0.26427876096865394,"Y":0.42660444431189781,"Z":-0.51999998092651367},"v60":{"X":0.25,"Y":0.43660254037844382,"Z":-0.51999998092651367},"v70":{"X":0.23420201433256691,"Y":0.44396926207859083,"Z":-0.51999998092651367},"v80":{"X":0.21736481776669306,"Y":0.44848077530122077,"Z":-0.51999998092651367},"v90":{"X":0.2,"Y":0.44999999999999996,"Z":-0.51999998092651367},"v100":{"X":0.182635182233307,"Y":0.44848077530122077,"Z":-0.51999998092651367},"v110":{"X":0.16579798566743315,"Y":0.44396926207859083,"Z":-0.51999998092651367},"v120":{"X":0.15000000000000002,"Y":0.43660254037844387,"Z":-0.51999998092651367},"v130":{"X":0.13572123903134609,"Y":0.42660444431189781,"Z":-0.51999998092651367},"v140":{"X":0.12339555568810222,"Y":0.4142787609686539,"Z":-0.51999998092651367},"v150":{"X":0.11339745962155613,"Y":0.39999999999999997,"Z":-0.51999998092651367},"v160":{"X":0.10603073792140917,"Y":0.38420201433256684,"Z":-0.51999998092651367},"v170":{"X":0.10151922469877921,"Y":0.367364817766693,"Z":-0.51999998092651367},"v180":{"X":0.1,"Y":0.35,"Z":-0.51999998092651367},"v190":{"X":0.10151922469877921,"Y":0.3326351822333069,"Z":-0.51999998092651367},"v200":{"X":0.10603073792140916,"Y":0.31579798566743311,"Z":-0.51999998092651367},"v210":{"X":0.11339745962155615,"Y":0.29999999999999993,"Z":-0.51999998092651367},"v220":{"X":0.1233955556881022,"Y":0.28572123903134605,"Z":-0.51999998092651367},"v230":{"X":0.13572123903134606,"Y":0.2733955556881022,"Z":-0.51999998092651367},"v240":{"X":0.14999999999999997,"Y":0.26339745962155614,"Z":-0.51999998092651367},"v250":{"X":0.16579798566743306,"Y":0.25603073792140918,"Z":-0.51999998092651367},"v260":{"X":0.182635182233307,"Y":0.25151922469877919,"Z":-0.51999998092651367},"v270":{"X":0.19999999999999998,"Y":0.24999999999999997,"Z":-0.51999998092651367},"v280":{"X":0.217364817766693,"Y":0.25151922469877919,"Z":-0.51999998092651367},"v290":{"X":0.23420201433256682,"Y":0.25603073792140912,"Z":-0.51999998092651367},"v300":{"X":0.25,"Y":0.26339745962155614,"Z":-0.51999998092651367},"v310":{"X":0.26427876096865394,"Y":0.27339555568810214,"Z":-0.51999998092651367},"v320":{"X":0.27660444431189779,"Y":0.285721239031346,"Z":-0.51999998092651367},"v330":{"X":0.28660254037844385,"Y":0.29999999999999993,"Z":-0.51999998092651367},"v340":{"X":0.29396926207859086,"Y":0.31579798566743311,"Z":-0.51999998092651367},"v350":{"X":0.2984807753012208,"Y":0.33263518223330685,"Z":-0.51999998092651367}},"Color":"Black","Centro":{"X":0.0,"Y":0.0,"Z":0.0},"vectorT":{"X":0.0,"Y":0.0,"Z":0.0}}," c010 ":{"listaVertices":{"v0":{"X":0.79999999999999993,"Y":0.35,"Z":-0.52},"v10":{"X":0.79848077530122075,"Y":0.367364817766693,"Z":-0.52},"v20":{"X":0.79396926207859075,"Y":0.38420201433256684,"Z":-0.52},"v30":{"X":0.78660254037844379,"Y":0.39999999999999997,"Z":-0.52},"v40":{"X":0.77660444431189779,"Y":0.4142787609686539,"Z":-0.52},"v50":{"X":0.76427876096865388,"Y":0.42660444431189781,"Z":-0.52},"v60":{"X":0.75,"Y":0.43660254037844382,"Z":-0.52},"v70":{"X":0.73420201433256682,"Y":0.44396926207859083,"Z":-0.52},"v80":{"X":0.717364817766693,"Y":0.44848077530122077,"Z":-0.52},"v90":{"X":0.7,"Y":0.44999999999999996,"Z":-0.52},"v100":{"X":0.68263518223330688,"Y":0.44848077530122077,"Z":-0.52},"v110":{"X":0.66579798566743309,"Y":0.44396926207859083,"Z":-0.52},"v120":{"X":0.65,"Y":0.43660254037844387,"Z":-0.52},"v130":{"X":0.635721239031346,"Y":0.42660444431189781,"Z":-0.52},"v140":{"X":0.62339555568810212,"Y":0.4142787609686539,"Z":-0.52},"v150":{"X":0.61339745962155612,"Y":0.39999999999999997,"Z":-0.52},"v160":{"X":0.60603073792140916,"Y":0.38420201433256684,"Z":-0.52},"v170":{"X":0.60151922469877916,"Y":0.367364817766693,"Z":-0.52},"v180":{"X":0.6,"Y":0.35,"Z":-0.52},"v190":{"X":0.60151922469877916,"Y":0.3326351822333069,"Z":-0.52},"v200":{"X":0.60603073792140916,"Y":0.31579798566743311,"Z":-0.52},"v210":{"X":0.61339745962155612,"Y":0.29999999999999993,"Z":-0.52},"v220":{"X":0.62339555568810212,"Y":0.28572123903134605,"Z":-0.52},"v230":{"X":0.635721239031346,"Y":0.2733955556881022,"Z":-0.52},"v240":{"X":0.64999999999999991,"Y":0.26339745962155614,"Z":-0.52},"v250":{"X":0.665797985667433,"Y":0.25603073792140918,"Z":-0.52},"v260":{"X":0.68263518223330688,"Y":0.25151922469877919,"Z":-0.52},"v270":{"X":0.7,"Y":0.24999999999999997,"Z":-0.52},"v280":{"X":0.71736481776669292,"Y":0.25151922469877919,"Z":-0.52},"v290":{"X":0.73420201433256682,"Y":0.25603073792140912,"Z":-0.52},"v300":{"X":0.75,"Y":0.26339745962155614,"Z":-0.52},"v310":{"X":0.76427876096865388,"Y":0.27339555568810214,"Z":-0.52},"v320":{"X":0.77660444431189779,"Y":0.285721239031346,"Z":-0.52},"v330":{"X":0.78660254037844379,"Y":0.29999999999999993,"Z":-0.52},"v340":{"X":0.79396926207859075,"Y":0.31579798566743311,"Z":-0.52},"v350":{"X":0.79848077530122075,"Y":0.33263518223330685,"Z":-0.52}},"Color":"Black","Centro":{"X":0.0,"Y":0.0,"Z":0.0},"vectorT":{"X":0.0,"Y":0.0,"Z":0.0}}," c01":{"listaVertices":{"1":{"X":0.0,"Y":0.0,"Z":0.0},"2":{"X":0.40000000596046448,"Y":0.0,"Z":0.0},"3":{"X":0.40000000596046448,"Y":0.699999988079071,"Z":0.0},"4":{"X":0.0,"Y":0.699999988079071,"Z":0.0}},"Color":"Black","Centro":{"X":0.0,"Y":0.0,"Z":0.0},"vectorT":{"X":0.0,"Y":0.0,"Z":0.0}}," c02 ":{"listaVertices":{"5":{"X":0.0,"Y":0.0,"Z":-0.51999998092651367},"6":{"X":0.40000000596046448,"Y":0.0,"Z":-0.51999998092651367},"7":{"X":0.40000000596046448,"Y":0.699999988079071,"Z":-0.51999998092651367},"8":{"X":0.0,"Y":0.699999988079071,"Z":-0.51999998092651367}},"Color":"Gold","Centro":{"X":0.0,"Y":0.0,"Z":0.0},"vectorT":{"X":0.0,"Y":0.0,"Z":0.0}}," c03 ":{"listaVertices":{"9":{"X":0.0,"Y":0.0,"Z":0.0},"10":{"X":0.0,"Y":0.0,"Z":-0.51999998092651367},"11":{"X":0.0,"Y":0.699999988079071,"Z":-0.51999998092651367},"12":{"X":0.0,"Y":0.699999988079071,"Z":0.0}},"Color":"Blue","Centro":{"X":0.0,"Y":0.0,"Z":0.0},"vectorT":{"X":0.0,"Y":0.0,"Z":0.0}}," c04 ":{"listaVertices":{"13":{"X":0.40000000596046448,"Y":0.0,"Z":0.0},"14":{"X":0.40000000596046448,"Y":0.0,"Z":-0.51999998092651367},"15":{"X":0.40000000596046448,"Y":0.699999988079071,"Z":-0.51999998092651367},"16":{"X":0.40000000596046448,"Y":0.699999988079071,"Z":0.0}},"Color":"Blue","Centro":{"X":0.0,"Y":0.0,"Z":0.0},"vectorT":{"X":0.0,"Y":0.0,"Z":0.0}}," c05":{"listaVertices":{"17":{"X":0.5,"Y":0.0,"Z":0.0},"18":{"X":0.89999997615814209,"Y":0.0,"Z":0.0},"19":{"X":0.89999997615814209,"Y":0.699999988079071,"Z":0.0},"20":{"X":0.5,"Y":0.699999988079071,"Z":0.0}},"Color":"Black","Centro":{"X":0.0,"Y":0.0,"Z":0.0},"vectorT":{"X":0.0,"Y":0.0,"Z":0.0}}," c06 ":{"listaVertices":{"21":{"X":0.5,"Y":0.0,"Z":-0.51999998092651367},"22":{"X":0.89999997615814209,"Y":0.0,"Z":-0.51999998092651367},"23":{"X":0.89999997615814209,"Y":0.699999988079071,"Z":-0.51999998092651367},"24":{"X":0.5,"Y":0.699999988079071,"Z":-0.51999998092651367}},"Color":"Gold","Centro":{"X":0.0,"Y":0.0,"Z":0.0},"vectorT":{"X":0.0,"Y":0.0,"Z":0.0}}," c07 ":{"listaVertices":{"25":{"X":0.5,"Y":0.0,"Z":0.0},"26":{"X":0.5,"Y":0.0,"Z":-0.51999998092651367},"27":{"X":0.5,"Y":0.699999988079071,"Z":-0.51999998092651367},"28":{"X":0.5,"Y":0.699999988079071,"Z":0.0}},"Color":"Blue","Centro":{"X":0.0,"Y":0.0,"Z":0.0},"vectorT":{"X":0.0,"Y":0.0,"Z":0.0}}," c08 ":{"listaVertices":{"29":{"X":0.89999997615814209,"Y":0.0,"Z":0.0},"30":{"X":0.89999997615814209,"Y":0.0,"Z":-0.51999998092651367},"31":{"X":0.89999997615814209,"Y":0.699999988079071,"Z":-0.51999998092651367},"32":{"X":0.89999997615814209,"Y":0.699999988079071,"Z":0.0}},"Color":"Blue","Centro":{"X":0.0,"Y":0.0,"Z":0.0},"vectorT":{"X":0.0,"Y":0.0,"Z":0.0}}},