{
  "Centro": {
    "X": 0.3,
    "Y": -0.9,
    "Z": -0.05
  },
  "partes": {
    "p1": {
      "dCaras": {
        " c1": {
          "listaVertices": {
            "v1": {
              "X": 0.029999999329447746,
              "Y": 0.039999999105930328,
              "Z": -0.029999999329447746
            },
            "v2": {
              "X": 0.029999999329447746,
              "Y": 0.36000001430511475,
              "Z": -0.029999999329447746
            },
            "v3": {
              "X": 0.4699999988079071,
              "Y": 0.36000001430511475,
              "Z": -0.029999999329447746
            },
            "v4": {
              "X": 0.4699999988079071,
              "Y": 0.039999999105930328,
              "Z": -0.029999999329447746
            }
          },
          "Color": "Black",
          "Centro": {
            "X": 0.0,
            "Y": 0.0,
            "Z": 0.0
          },
          "vectorT": {
            "X": 0.0,
            "Y": 0.0,
            "Z": 0.0
          }
        },
        " c2 ": {
          "listaVertices": {
            "v5": {
              "X": 0.0,
              "Y": 0.0,
              "Z": -0.029999999329447746
            },
            "v6": {
              "X": 0.5,
              "Y": 0.5,
              "Z": -0.029999999329447746
            },
            "v7": {
              "X": 0.5,
              "Y": 0.5,
              "Z": -0.029999999329447746
            },
            "v8": {
              "X": 0.0,
              "Y": 0.0,
              "Z": -0.029999999329447746
            }
          },
          "Color": "DarkBlue",
          "Centro": {
            "X": 0.0,
            "Y": 0.0,
            "Z": 0.0
          },
          "vectorT": {
            "X": 0.0,
            "Y": 0.0,
            "Z": 0.0
          }
        },
        " c5 ": {
          "listaVertices": {
            "v13": {
              "X": 0.0,
              "Y": 0.0,
              "Z": 0.0
            },
            "v14": {
              "X": 0.5,
              "Y": 0.0,
              "Z": 0.0
            },
            "v15": {
              "X": 0.5,
              "Y": 0.40000000596046448,
              "Z": 0.0
            },
            "v16": {
              "X": 0.0,
              "Y": 0.40000000596046448,
              "Z": 0.0
            }
          },
          "Color": "DarkKhaki",
          "Centro": {
            "X": 0.0,
            "Y": 0.0,
            "Z": 0.0
          },
          "vectorT": {
            "X": 0.0,
            "Y": 0.0,
            "Z": 0.0
          }
        },
        " c8 ": {
          "listaVertices": {
            "v25": {
              "X": 0.0,
              "Y": 0.0,
              "Z": 0.0
            },
            "v26": {
              "X": 0.0,
              "Y": 0.0,
              "Z": -0.029999999329447746
            },
            "v27": {
              "X": 0.0,
              "Y": 0.40000000596046448,
              "Z": -0.029999999329447746
            },
            "v28": {
              "X": 0.0,
              "Y": 0.40000000596046448,
              "Z": 0.0
            }
          },
          "Color": "DarkGray",
          "Centro": {
            "X": 0.0,
            "Y": 0.0,
            "Z": 0.0
          },
          "vectorT": {
            "X": 0.0,
            "Y": 0.0,
            "Z": 0.0
          }
        },
        " c9 ": {
          "listaVertices": {
            "v29": {
              "X": 0.5,
              "Y": 0.0,
              "Z": 0.0
            },
            "v30": {
              "X": 0.5,
              "Y": 0.0,
              "Z": -0.029999999329447746
            },
            "v31": {
              "X": 0.5,
              "Y": 0.40000000596046448,
              "Z": -0.029999999329447746
            },
            "v32": {
              "X": 0.5,
              "Y": 0.40000000596046448,
              "Z": 0.0
            }
          },
          "Color": "DarkGreen",
          "Centro": {
            "X": 0.0,
            "Y": 0.0,
            "Z": 0.0
          },
          "vectorT": {
            "X": 0.0,
            "Y": 0.0,
            "Z": 0.0
          }
        }
      },
      "Centro": {
        "X": 0.3,
        "Y": -0.9,
        "Z": -0.05
      }
    },
    "p2": {
      "dCaras": {
        " c3 ": {
          "listaVertices": {
            "v9": {
              "X": 0.2199999988079071,
              "Y": 0.0,
              "Z": -0.029999999329447746
            },
            "v10": {
              "X": 0.2199999988079071,
              "Y": -0.05000000074505806,
              "Z": -0.029999999329447746
            },
            "v11": {
              "X": 0.25999999046325684,
              "Y": -0.05000000074505806,
              "Z": -0.029999999329447746
            },
            "v12": {
              "X": 0.25999999046325684,
              "Y": 0.0,
              "Z": -0.029999999329447746
            }
          },
          "Color": "Yellow",
          "Centro": {
            "X": 0.0,
            "Y": 0.0,
            "Z": 0.0
          },
          "vectorT": {
            "X": 0.0,
            "Y": 0.0,
            "Z": 0.0
          }
        },
        " c4 ": {
          "listaVertices": {
            "v9": {
              "X": 0.11999999731779099,
              "Y": -0.05000000074505806,
              "Z": -0.029999999329447746
            },
            "v10": {
              "X": 0.11999999731779099,
              "Y": -0.059999998658895493,
              "Z": -0.029999999329447746
            },
            "v11": {
              "X": 0.36000001430511475,
              "Y": -0.059999998658895493,
              "Z": -0.029999999329447746
            },
            "v12": {
              "X": 0.36000001430511475,
              "Y": -0.05000000074505806,
              "Z": -0.029999999329447746
            }
          },
          "Color": "Yellow",
          "Centro": {
            "X": 0.0,
            "Y": 0.0,
            "Z": 0.0
          },
          "vectorT": {
            "X": 0.0,
            "Y": 0.0,
            "Z": 0.0
          }
        },
        " c6 ": {
          "listaVertices": {
            "v17": {
              "X": 0.2199999988079071,
              "Y": 0.0,
              "Z": 0.0
            },
            "v18": {
              "X": 0.2199999988079071,
              "Y": -0.05000000074505806,
              "Z": 0.0
            },
            "v19": {
              "X": 0.25999999046325684,
              "Y": -0.05000000074505806,
              "Z": 0.0
            },
            "v20": {
              "X": 0.25999999046325684,
              "Y": 0.0,
              "Z": 0.0
            }
          },
          "Color": "Aquamarine",
          "Centro": {
            "X": 0.0,
            "Y": 0.0,
            "Z": 0.0
          },
          "vectorT": {
            "X": 0.0,
            "Y": 0.0,
            "Z": 0.0
          }
        },
        " c7 ": {
          "listaVertices": {
            "v21": {
              "X": 0.11999999731779099,
              "Y": -0.05000000074505806,
              "Z": 0.0
            },
            "v22": {
              "X": 0.11999999731779099,
              "Y": -0.059999998658895493,
              "Z": 0.0
            },
            "v23": {
              "X": 0.36000001430511475,
              "Y": -0.059999998658895493,
              "Z": 0.0
            },
            "v24": {
              "X": 0.36000001430511475,
              "Y": -0.05000000074505806,
              "Z": 0.0
            }
          },
          "Color": "Aquamarine",
          "Centro": {
            "X": 0.0,